IP地址,端口,TLS,数据中心,国家,地区,城市,ASN,ORG,延迟(ms),速度(MB/s)
34.68.95.24,5000,TRUE,ORD,US,North America,Chicago,396982,GOOGLE-CLOUD-PLATFORM,619,11.15
35.204.156.161,443,TRUE,FRA,DE,Europe,Frankfurt,396982,GOOGLE-CLOUD-PLATFORM,665,7.43
34.148.187.247,443,TRUE,ATL,US,North America,Atlanta,396982,GOOGLE-CLOUD-PLATFORM,339,7.43
34.32.230.130,443,TRUE,AMS,NL,Europe,Amsterdam,396982,GOOGLE-CLOUD-PLATFORM,612,7.4
34.107.64.17,443,TRUE,FRA,DE,Europe,Frankfurt,396982,GOOGLE-CLOUD-PLATFORM,590,7.29
34.65.81.138,443,TRUE,FRA,DE,Europe,Frankfurt,396982,GOOGLE-CLOUD-PLATFORM,685,7.11
8.209.243.172,8443,TRUE,NRT,JP,Asia Pacific,Tokyo,45102,"Alibaba US Technology Co., Ltd.",1027,20.97
47.74.11.9,8443,TRUE,NRT,JP,Asia Pacific,Tokyo,45102,"Alibaba US Technology Co., Ltd.",1033,17.48
47.74.23.99,8443,TRUE,NRT,JP,Asia Pacific,Tokyo,45102,"Alibaba US Technology Co., Ltd.",1046,17.3
47.245.11.216,8443,TRUE,NRT,JP,Asia Pacific,Tokyo,45102,"Alibaba US Technology Co., Ltd.",1075,17.25
47.74.54.33,8443,TRUE,NRT,JP,Asia Pacific,Tokyo,45102,"Alibaba US Technology Co., Ltd.",1041,17.07
47.74.5.233,8443,TRUE,NRT,JP,Asia Pacific,Tokyo,45102,"Alibaba US Technology Co., Ltd.",1080,17.03
47.245.37.94,8443,TRUE,NRT,JP,Asia Pacific,Tokyo,45102,"Alibaba US Technology Co., Ltd.",1097,16.94
47.245.14.160,8443,TRUE,NRT,JP,Asia Pacific,Tokyo,45102,"Alibaba US Technology Co., Ltd.",1060,16.88
47.74.9.174,8443,TRUE,NRT,JP,Asia Pacific,Tokyo,45102,"Alibaba US Technology Co., Ltd.",1090,16.8
47.74.13.200,8443,TRUE,NRT,JP,Asia Pacific,Tokyo,45102,"Alibaba US Technology Co., Ltd.",1075,16.74
47.74.37.50,8443,TRUE,NRT,JP,Asia Pacific,Tokyo,45102,"Alibaba US Technology Co., Ltd.",1053,16.56
47.74.40.13,8443,TRUE,NRT,JP,Asia Pacific,Tokyo,45102,"Alibaba US Technology Co., Ltd.",1070,16.52
47.74.42.111,8443,TRUE,NRT,JP,Asia Pacific,Tokyo,45102,"Alibaba US Technology Co., Ltd.",1061,16.41
47.245.56.29,8443,TRUE,NRT,JP,Asia Pacific,Tokyo,45102,"Alibaba US Technology Co., Ltd.",1062,16.38
47.245.55.99,8443,TRUE,NRT,JP,Asia Pacific,Tokyo,45102,"Alibaba US Technology Co., Ltd.",1101,16.34
47.74.15.117,8443,TRUE,NRT,JP,Asia Pacific,Tokyo,45102,"Alibaba US Technology Co., Ltd.",1065,16.33
47.91.21.127,8443,TRUE,NRT,JP,Asia Pacific,Tokyo,45102,"Alibaba US Technology Co., Ltd.",1023,16.22
47.245.12.179,8443,TRUE,NRT,JP,Asia Pacific,Tokyo,45102,"Alibaba US Technology Co., Ltd.",1072,16.2
47.245.30.208,8443,TRUE,NRT,JP,Asia Pacific,Tokyo,45102,"Alibaba US Technology Co., Ltd.",1061,16.2
47.91.14.62,8443,TRUE,NRT,JP,Asia Pacific,Tokyo,45102,"Alibaba US Technology Co., Ltd.",1086,16.09
47.74.27.94,8443,TRUE,NRT,JP,Asia Pacific,Tokyo,45102,"Alibaba US Technology Co., Ltd.",1063,16.08
47.245.10.156,8443,TRUE,NRT,JP,Asia Pacific,Tokyo,45102,"Alibaba US Technology Co., Ltd.",1060,16.07
47.245.8.68,8443,TRUE,NRT,JP,Asia Pacific,Tokyo,45102,"Alibaba US Technology Co., Ltd.",1082,16.04
47.91.14.47,8443,TRUE,NRT,JP,Asia Pacific,Tokyo,45102,"Alibaba US Technology Co., Ltd.",1082,16
47.245.30.144,8443,TRUE,NRT,JP,Asia Pacific,Tokyo,45102,"Alibaba US Technology Co., Ltd.",948,15.97
47.74.5.99,8443,TRUE,NRT,JP,Asia Pacific,Tokyo,45102,"Alibaba US Technology Co., Ltd.",1089,15.95
47.245.59.244,8443,TRUE,NRT,JP,Asia Pacific,Tokyo,45102,"Alibaba US Technology Co., Ltd.",1049,15.94
47.245.32.215,8443,TRUE,NRT,JP,Asia Pacific,Tokyo,45102,"Alibaba US Technology Co., Ltd.",1078,15.93
47.74.41.87,8443,TRUE,NRT,JP,Asia Pacific,Tokyo,45102,"Alibaba US Technology Co., Ltd.",990,15.9
47.74.45.143,8443,TRUE,NRT,JP,Asia Pacific,Tokyo,45102,"Alibaba US Technology Co., Ltd.",1076,15.9
8.209.240.229,8443,TRUE,NRT,JP,Asia Pacific,Tokyo,45102,"Alibaba US Technology Co., Ltd.",1061,15.88
47.74.6.16,8443,TRUE,NRT,JP,Asia Pacific,Tokyo,45102,"Alibaba US Technology Co., Ltd.",1068,15.87
47.245.56.50,8443,TRUE,NRT,JP,Asia Pacific,Tokyo,45102,"Alibaba US Technology Co., Ltd.",1087,15.86
47.245.28.255,8443,TRUE,NRT,JP,Asia Pacific,Tokyo,45102,"Alibaba US Technology Co., Ltd.",1065,15.82
47.245.11.108,8443,TRUE,NRT,JP,Asia Pacific,Tokyo,45102,"Alibaba US Technology Co., Ltd.",1050,15.8
47.245.8.185,8443,TRUE,NRT,JP,Asia Pacific,Tokyo,45102,"Alibaba US Technology Co., Ltd.",1034,15.63
8.209.241.128,8443,TRUE,NRT,JP,Asia Pacific,Tokyo,45102,"Alibaba US Technology Co., Ltd.",1052,15.5
47.245.53.101,8443,TRUE,NRT,JP,Asia Pacific,Tokyo,45102,"Alibaba US Technology Co., Ltd.",1048,15.31
47.74.41.136,8443,TRUE,NRT,JP,Asia Pacific,Tokyo,45102,"Alibaba US Technology Co., Ltd.",1068,15.23
8.209.246.24,8443,TRUE,NRT,JP,Asia Pacific,Tokyo,45102,"Alibaba US Technology Co., Ltd.",1051,15.08
47.245.56.121,8443,TRUE,NRT,JP,Asia Pacific,Tokyo,45102,"Alibaba US Technology Co., Ltd.",1083,15.06
47.74.11.251,8443,TRUE,NRT,JP,Asia Pacific,Tokyo,45102,"Alibaba US Technology Co., Ltd.",1070,15.04
47.245.41.84,8443,TRUE,NRT,JP,Asia Pacific,Tokyo,45102,"Alibaba US Technology Co., Ltd.",1080,14.98
47.245.11.118,8443,TRUE,NRT,JP,Asia Pacific,Tokyo,45102,"Alibaba US Technology Co., Ltd.",1068,14.87
47.245.55.235,8443,TRUE,NRT,JP,Asia Pacific,Tokyo,45102,"Alibaba US Technology Co., Ltd.",1059,14.82
47.91.15.247,8443,TRUE,NRT,JP,Asia Pacific,Tokyo,45102,"Alibaba US Technology Co., Ltd.",1070,14.82
47.74.54.145,8443,TRUE,NRT,JP,Asia Pacific,Tokyo,45102,"Alibaba US Technology Co., Ltd.",1061,14.77
47.245.33.56,8443,TRUE,NRT,JP,Asia Pacific,Tokyo,45102,"Alibaba US Technology Co., Ltd.",1059,14.72
47.245.15.207,8443,TRUE,NRT,JP,Asia Pacific,Tokyo,45102,"Alibaba US Technology Co., Ltd.",1075,14.7
47.245.31.0,8443,TRUE,NRT,JP,Asia Pacific,Tokyo,45102,"Alibaba US Technology Co., Ltd.",983,14.69
47.245.9.99,8443,TRUE,NRT,JP,Asia Pacific,Tokyo,45102,"Alibaba US Technology Co., Ltd.",1073,14.66
47.91.19.249,8443,TRUE,NRT,JP,Asia Pacific,Tokyo,45102,"Alibaba US Technology Co., Ltd.",1078,14.63
8.209.243.99,8443,TRUE,NRT,JP,Asia Pacific,Tokyo,45102,"Alibaba US Technology Co., Ltd.",1027,14.53
47.74.13.239,8443,TRUE,NRT,JP,Asia Pacific,Tokyo,45102,"Alibaba US Technology Co., Ltd.",1061,14.32
8.209.212.5,8443,TRUE,NRT,JP,Asia Pacific,Tokyo,45102,"Alibaba US Technology Co., Ltd.",1068,14.27
47.245.13.93,8443,TRUE,NRT,JP,Asia Pacific,Tokyo,45102,"Alibaba US Technology Co., Ltd.",1052,14.08
47.245.15.39,8443,TRUE,NRT,JP,Asia Pacific,Tokyo,45102,"Alibaba US Technology Co., Ltd.",1080,14.07
47.245.10.77,8443,TRUE,NRT,JP,Asia Pacific,Tokyo,45102,"Alibaba US Technology Co., Ltd.",1088,13.93
47.74.0.183,8443,TRUE,NRT,JP,Asia Pacific,Tokyo,45102,"Alibaba US Technology Co., Ltd.",1066,13.84
47.74.27.151,8443,TRUE,NRT,JP,Asia Pacific,Tokyo,45102,"Alibaba US Technology Co., Ltd.",1066,13.8
47.91.23.146,8443,TRUE,NRT,JP,Asia Pacific,Tokyo,45102,"Alibaba US Technology Co., Ltd.",1056,13.71
47.245.38.233,8443,TRUE,NRT,JP,Asia Pacific,Tokyo,45102,"Alibaba US Technology Co., Ltd.",1060,13.44
47.245.37.37,8443,TRUE,NRT,JP,Asia Pacific,Tokyo,45102,"Alibaba US Technology Co., Ltd.",1083,13.39
47.91.25.66,8443,TRUE,NRT,JP,Asia Pacific,Tokyo,45102,"Alibaba US Technology Co., Ltd.",1058,13.36
47.74.8.238,8443,TRUE,NRT,JP,Asia Pacific,Tokyo,45102,"Alibaba US Technology Co., Ltd.",1073,13.34
47.74.52.104,8443,TRUE,NRT,JP,Asia Pacific,Tokyo,45102,"Alibaba US Technology Co., Ltd.",1073,13.32
47.245.33.163,8443,TRUE,NRT,JP,Asia Pacific,Tokyo,45102,"Alibaba US Technology Co., Ltd.",1091,13.31
47.245.62.84,8443,TRUE,NRT,JP,Asia Pacific,Tokyo,45102,"Alibaba US Technology Co., Ltd.",1048,13.28
47.74.26.131,8443,TRUE,NRT,JP,Asia Pacific,Tokyo,45102,"Alibaba US Technology Co., Ltd.",1045,13.2
47.245.39.28,8443,TRUE,NRT,JP,Asia Pacific,Tokyo,45102,"Alibaba US Technology Co., Ltd.",1068,13.15
47.245.34.140,8443,TRUE,NRT,JP,Asia Pacific,Tokyo,45102,"Alibaba US Technology Co., Ltd.",1071,13.13
47.245.3.137,8443,TRUE,NRT,JP,Asia Pacific,Tokyo,45102,"Alibaba US Technology Co., Ltd.",1053,13
47.245.52.153,8443,TRUE,NRT,JP,Asia Pacific,Tokyo,45102,"Alibaba US Technology Co., Ltd.",1085,12.99
47.245.59.188,8443,TRUE,NRT,JP,Asia Pacific,Tokyo,45102,"Alibaba US Technology Co., Ltd.",1084,12.93
47.245.54.140,8443,TRUE,NRT,JP,Asia Pacific,Tokyo,45102,"Alibaba US Technology Co., Ltd.",1062,12.78
47.245.10.123,8443,TRUE,NRT,JP,Asia Pacific,Tokyo,45102,"Alibaba US Technology Co., Ltd.",980,12.74
47.245.42.210,8443,TRUE,NRT,JP,Asia Pacific,Tokyo,45102,"Alibaba US Technology Co., Ltd.",1049,12.7
47.245.15.236,8443,TRUE,NRT,JP,Asia Pacific,Tokyo,45102,"Alibaba US Technology Co., Ltd.",1056,12.64
47.245.52.240,8443,TRUE,NRT,JP,Asia Pacific,Tokyo,45102,"Alibaba US Technology Co., Ltd.",1079,12.61
8.209.200.73,8443,TRUE,NRT,JP,Asia Pacific,Tokyo,45102,"Alibaba US Technology Co., Ltd.",1182,12.6
47.74.11.219,8443,TRUE,NRT,JP,Asia Pacific,Tokyo,45102,"Alibaba US Technology Co., Ltd.",1054,12.56
47.245.11.62,8443,TRUE,NRT,JP,Asia Pacific,Tokyo,45102,"Alibaba US Technology Co., Ltd.",1084,12.55
47.245.34.36,8443,TRUE,NRT,JP,Asia Pacific,Tokyo,45102,"Alibaba US Technology Co., Ltd.",1069,12.5
47.74.42.17,8443,TRUE,NRT,JP,Asia Pacific,Tokyo,45102,"Alibaba US Technology Co., Ltd.",1076,12.5
47.74.15.120,8443,TRUE,NRT,JP,Asia Pacific,Tokyo,45102,"Alibaba US Technology Co., Ltd.",1056,12.47
47.91.21.149,8443,TRUE,NRT,JP,Asia Pacific,Tokyo,45102,"Alibaba US Technology Co., Ltd.",1060,12.24
47.245.33.158,8443,TRUE,NRT,JP,Asia Pacific,Tokyo,45102,"Alibaba US Technology Co., Ltd.",1065,12.08
47.91.29.108,8443,TRUE,NRT,JP,Asia Pacific,Tokyo,45102,"Alibaba US Technology Co., Ltd.",1082,12.06
8.209.242.25,8443,TRUE,NRT,JP,Asia Pacific,Tokyo,45102,"Alibaba US Technology Co., Ltd.",1065,11.98
8.209.243.137,8443,TRUE,NRT,JP,Asia Pacific,Tokyo,45102,"Alibaba US Technology Co., Ltd.",1077,11.96
47.91.3.179,8443,TRUE,NRT,JP,Asia Pacific,Tokyo,45102,"Alibaba US Technology Co., Ltd.",1069,11.9
8.209.215.247,8443,TRUE,NRT,JP,Asia Pacific,Tokyo,45102,"Alibaba US Technology Co., Ltd.",1085,11.86
47.245.58.175,8443,TRUE,NRT,JP,Asia Pacific,Tokyo,45102,"Alibaba US Technology Co., Ltd.",1069,11.83
47.74.22.171,8443,TRUE,NRT,JP,Asia Pacific,Tokyo,45102,"Alibaba US Technology Co., Ltd.",1087,11.77
47.91.22.115,8443,TRUE,NRT,JP,Asia Pacific,Tokyo,45102,"Alibaba US Technology Co., Ltd.",1067,11.73
47.245.54.58,8443,TRUE,NRT,JP,Asia Pacific,Tokyo,45102,"Alibaba US Technology Co., Ltd.",1059,11.62
47.74.49.62,8443,TRUE,NRT,JP,Asia Pacific,Tokyo,45102,"Alibaba US Technology Co., Ltd.",1077,11.48
47.74.13.66,8443,TRUE,NRT,JP,Asia Pacific,Tokyo,45102,"Alibaba US Technology Co., Ltd.",1050,11.41
47.74.3.2,8443,TRUE,NRT,JP,Asia Pacific,Tokyo,45102,"Alibaba US Technology Co., Ltd.",1051,11.35
47.245.53.50,8443,TRUE,NRT,JP,Asia Pacific,Tokyo,45102,"Alibaba US Technology Co., Ltd.",1062,11.04
47.91.3.112,8443,TRUE,NRT,JP,Asia Pacific,Tokyo,45102,"Alibaba US Technology Co., Ltd.",1073,10.52
47.245.55.94,8443,TRUE,NRT,JP,Asia Pacific,Tokyo,45102,"Alibaba US Technology Co., Ltd.",1060,10.47
47.91.1.199,8443,TRUE,NRT,JP,Asia Pacific,Tokyo,45102,"Alibaba US Technology Co., Ltd.",1090,10.37
47.74.5.150,8443,TRUE,NRT,JP,Asia Pacific,Tokyo,45102,"Alibaba US Technology Co., Ltd.",1051,10.17
8.209.252.13,8443,TRUE,NRT,JP,Asia Pacific,Tokyo,45102,"Alibaba US Technology Co., Ltd.",1044,10.16
47.245.59.243,8443,TRUE,NRT,JP,Asia Pacific,Tokyo,45102,"Alibaba US Technology Co., Ltd.",1049,10.14
47.245.29.126,8443,TRUE,NRT,JP,Asia Pacific,Tokyo,45102,"Alibaba US Technology Co., Ltd.",1076,10.08
47.245.26.167,8443,TRUE,NRT,JP,Asia Pacific,Tokyo,45102,"Alibaba US Technology Co., Ltd.",1038,9.85
47.91.2.165,8443,TRUE,NRT,JP,Asia Pacific,Tokyo,45102,"Alibaba US Technology Co., Ltd.",1053,9.33
8.218.136.25,8443,TRUE,HKG,HK,Asia Pacific,Hong Kong,45102,"Alibaba US Technology Co., Ltd.",1097,9.26
47.245.42.162,8443,TRUE,NRT,JP,Asia Pacific,Tokyo,45102,"Alibaba US Technology Co., Ltd.",1061,9.2
8.209.214.222,8443,TRUE,NRT,JP,Asia Pacific,Tokyo,45102,"Alibaba US Technology Co., Ltd.",1082,9.15
47.74.34.73,8443,TRUE,NRT,JP,Asia Pacific,Tokyo,45102,"Alibaba US Technology Co., Ltd.",1059,8.47
8.217.159.210,8443,TRUE,HKG,HK,Asia Pacific,Hong Kong,45102,"Alibaba US Technology Co., Ltd.",1066,8.45
47.245.37.89,8443,TRUE,NRT,JP,Asia Pacific,Tokyo,45102,"Alibaba US Technology Co., Ltd.",1060,8.37
8.218.181.189,8443,TRUE,HKG,HK,Asia Pacific,Hong Kong,45102,"Alibaba US Technology Co., Ltd.",1095,8.22
47.245.12.38,8443,TRUE,NRT,JP,Asia Pacific,Tokyo,45102,"Alibaba US Technology Co., Ltd.",1059,8.16
47.74.27.211,8443,TRUE,NRT,JP,Asia Pacific,Tokyo,45102,"Alibaba US Technology Co., Ltd.",1049,8.08
47.74.14.85,8443,TRUE,NRT,JP,Asia Pacific,Tokyo,45102,"Alibaba US Technology Co., Ltd.",1064,7.99
8.218.149.193,8443,TRUE,HKG,HK,Asia Pacific,Hong Kong,45102,"Alibaba US Technology Co., Ltd.",1096,7.95
45.12.88.150,1443,TRUE,LAX,US,North America,Los Angeles,40065,CNSERVERS,306,79.29
193.9.46.16,8443,TRUE,LAX,US,North America,Los Angeles,40065,CNSERVERS,320,75.85
2.59.151.85,55425,TRUE,LAX,US,North America,Los Angeles,40065,CNSERVERS,324,74.73
2.59.151.192,38135,TRUE,LAX,US,North America,Los Angeles,40065,CNSERVERS,346,67.77
91.217.139.227,8443,TRUE,LAX,US,North America,Los Angeles,40065,CNSERVERS,323,67.69
2.59.151.232,15110,TRUE,LAX,US,North America,Los Angeles,40065,CNSERVERS,323,67.68
103.94.185.180,31005,TRUE,LAX,US,North America,Los Angeles,40065,CNSERVERS,328,62.37
193.22.152.98,34237,TRUE,LAX,US,North America,Los Angeles,40065,CNSERVERS,314,61.42
185.201.227.65,25727,TRUE,LAX,US,North America,Los Angeles,40065,CNSERVERS,339,42.07
154.64.243.100,22785,TRUE,LAX,US,North America,Los Angeles,40065,CNSERVERS,126,24.15
156.251.189.147,34237,TRUE,LAX,US,North America,Los Angeles,40065,CNSERVERS,328,17.91
91.217.139.121,8443,TRUE,LAX,US,North America,Los Angeles,40065,CNSERVERS,304,16.64
23.224.36.207,34237,TRUE,LAX,US,North America,Los Angeles,40065,CNSERVERS,318,12.61
156.251.180.162,35183,TRUE,HKG,HK,Asia Pacific,Hong Kong,40065,CNSERVERS,542,7.38
54.65.210.183,31737,TRUE,NRT,JP,Asia Pacific,Tokyo,16509,AMAZON-02,355,19.23
3.145.48.194,21234,TRUE,ORD,US,North America,Chicago,16509,AMAZON-02,267,19.04
18.193.64.47,58949,TRUE,FRA,DE,Europe,Frankfurt,16509,AMAZON-02,508,12.56
15.237.28.105,15997,TRUE,CDG,FR,Europe,Paris,16509,AMAZON-02,470,9.32
52.47.120.131,12534,TRUE,CDG,FR,Europe,Paris,16509,AMAZON-02,462,7.68
20.38.168.166,16666,TRUE,SJC,US,North America,San Jose,8075,MICROSOFT-CORP-MSN-AS-BLOCK,344,63.91
20.168.54.251,443,TRUE,LAX,US,North America,Los Angeles,8075,MICROSOFT-CORP-MSN-AS-BLOCK,106,49.38
4.255.56.137,443,TRUE,IAD,US,North America,Ashburn,8075,MICROSOFT-CORP-MSN-AS-BLOCK,625,30.75
4.255.56.138,443,TRUE,IAD,US,North America,Ashburn,8075,MICROSOFT-CORP-MSN-AS-BLOCK,438,29.48
20.106.123.66,2053,TRUE,LAX,US,North America,Los Angeles,8075,MICROSOFT-CORP-MSN-AS-BLOCK,141,29.39
20.185.28.234,44056,TRUE,IAD,US,North America,Ashburn,8075,MICROSOFT-CORP-MSN-AS-BLOCK,433,17.27
51.107.6.231,8443,TRUE,MXP,IT,Europe,Milan,8075,MICROSOFT-CORP-MSN-AS-BLOCK,969,11.56
51.107.6.138,8443,TRUE,MXP,IT,Europe,Milan,8075,MICROSOFT-CORP-MSN-AS-BLOCK,1010,11.34
51.107.6.128,8443,TRUE,MXP,IT,Europe,Milan,8075,MICROSOFT-CORP-MSN-AS-BLOCK,1001,10.66
51.107.13.85,8443,TRUE,MXP,IT,Europe,Milan,8075,MICROSOFT-CORP-MSN-AS-BLOCK,979,10.65
51.107.11.76,8443,TRUE,MXP,IT,Europe,Milan,8075,MICROSOFT-CORP-MSN-AS-BLOCK,978,10.57
20.254.95.107,2096,TRUE,LHR,GB,Europe,London,8075,MICROSOFT-CORP-MSN-AS-BLOCK,850,9.45
20.200.126.106,8443,TRUE,YYZ,CA,North America,Toronto,8075,MICROSOFT-CORP-MSN-AS-BLOCK,691,8.44
20.151.142.151,8443,TRUE,YYZ,CA,North America,Toronto,8075,MICROSOFT-CORP-MSN-AS-BLOCK,378,8.38
154.17.25.205,50001,TRUE,LAX,US,North America,Los Angeles,906,DMIT,57,53.81
35.190.152.145,443,TRUE,ATL,US,North America,Atlanta,396982,GOOGLE-CLOUD-PLATFORM,383,13.2
34.89.244.36,443,TRUE,FRA,DE,Europe,Frankfurt,396982,GOOGLE-CLOUD-PLATFORM,805,7.95
34.65.12.30,443,TRUE,FRA,DE,Europe,Frankfurt,396982,GOOGLE-CLOUD-PLATFORM,871,7.94
47.245.9.228,8443,TRUE,NRT,JP,Asia Pacific,Tokyo,45102,"Alibaba US Technology Co., Ltd.",990,19.28
47.245.57.109,8443,TRUE,NRT,JP,Asia Pacific,Tokyo,45102,"Alibaba US Technology Co., Ltd.",925,16.93
47.245.59.133,8443,TRUE,NRT,JP,Asia Pacific,Tokyo,45102,"Alibaba US Technology Co., Ltd.",1063,16.91
47.245.37.98,8443,TRUE,NRT,JP,Asia Pacific,Tokyo,45102,"Alibaba US Technology Co., Ltd.",1077,16.57
47.74.15.80,8443,TRUE,NRT,JP,Asia Pacific,Tokyo,45102,"Alibaba US Technology Co., Ltd.",1063,16.51
47.245.29.64,8443,TRUE,NRT,JP,Asia Pacific,Tokyo,45102,"Alibaba US Technology Co., Ltd.",954,16.01
47.74.16.67,8443,TRUE,NRT,JP,Asia Pacific,Tokyo,45102,"Alibaba US Technology Co., Ltd.",1353,16.01
47.74.13.94,8443,TRUE,NRT,JP,Asia Pacific,Tokyo,45102,"Alibaba US Technology Co., Ltd.",950,15.82
47.91.17.102,8443,TRUE,NRT,JP,Asia Pacific,Tokyo,45102,"Alibaba US Technology Co., Ltd.",955,15.79
47.91.21.107,8443,TRUE,NRT,JP,Asia Pacific,Tokyo,45102,"Alibaba US Technology Co., Ltd.",943,15.77
47.245.2.231,8443,TRUE,NRT,JP,Asia Pacific,Tokyo,45102,"Alibaba US Technology Co., Ltd.",1066,15.39
47.245.58.250,8443,TRUE,NRT,JP,Asia Pacific,Tokyo,45102,"Alibaba US Technology Co., Ltd.",592,15.17
47.74.34.38,8443,TRUE,NRT,JP,Asia Pacific,Tokyo,45102,"Alibaba US Technology Co., Ltd.",1009,15.13
47.74.39.194,8443,TRUE,NRT,JP,Asia Pacific,Tokyo,45102,"Alibaba US Technology Co., Ltd.",928,15
47.74.43.24,8443,TRUE,NRT,JP,Asia Pacific,Tokyo,45102,"Alibaba US Technology Co., Ltd.",957,14.73
47.91.3.87,8443,TRUE,NRT,JP,Asia Pacific,Tokyo,45102,"Alibaba US Technology Co., Ltd.",957,14.48
47.245.8.156,8443,TRUE,NRT,JP,Asia Pacific,Tokyo,45102,"Alibaba US Technology Co., Ltd.",1012,14.21
47.91.31.231,8443,TRUE,NRT,JP,Asia Pacific,Tokyo,45102,"Alibaba US Technology Co., Ltd.",1076,13.85
47.245.41.169,8443,TRUE,NRT,JP,Asia Pacific,Tokyo,45102,"Alibaba US Technology Co., Ltd.",922,13.73
47.245.7.212,8443,TRUE,NRT,JP,Asia Pacific,Tokyo,45102,"Alibaba US Technology Co., Ltd.",1067,13.05
47.91.31.235,8443,TRUE,NRT,JP,Asia Pacific,Tokyo,45102,"Alibaba US Technology Co., Ltd.",928,13.04
47.245.37.12,8443,TRUE,NRT,JP,Asia Pacific,Tokyo,45102,"Alibaba US Technology Co., Ltd.",921,13.04
47.74.34.162,8443,TRUE,NRT,JP,Asia Pacific,Tokyo,45102,"Alibaba US Technology Co., Ltd.",920,12.97
47.74.12.139,8443,TRUE,NRT,JP,Asia Pacific,Tokyo,45102,"Alibaba US Technology Co., Ltd.",1060,12.64
47.74.18.121,8443,TRUE,NRT,JP,Asia Pacific,Tokyo,45102,"Alibaba US Technology Co., Ltd.",1353,12.46
47.245.52.165,8443,TRUE,NRT,JP,Asia Pacific,Tokyo,45102,"Alibaba US Technology Co., Ltd.",940,12.28
47.74.36.154,8443,TRUE,NRT,JP,Asia Pacific,Tokyo,45102,"Alibaba US Technology Co., Ltd.",1067,12.01
47.74.16.255,8443,TRUE,NRT,JP,Asia Pacific,Tokyo,45102,"Alibaba US Technology Co., Ltd.",954,11.98
47.245.14.216,8443,TRUE,NRT,JP,Asia Pacific,Tokyo,45102,"Alibaba US Technology Co., Ltd.",1078,11.05
47.74.52.188,8443,TRUE,NRT,JP,Asia Pacific,Tokyo,45102,"Alibaba US Technology Co., Ltd.",1065,10.82
185.238.250.168,36545,TRUE,LAX,US,North America,Los Angeles,40065,CNSERVERS,221,9.19
152.67.234.175,44333,TRUE,SJC,US,North America,San Jose,31898,ORACLE-BMC-31898,248,52.17
165.1.68.91,9443,TRUE,SJC,US,North America,San Jose,31898,ORACLE-BMC-31898,116,28.61
144.24.47.59,28443,TRUE,LAX,US,North America,Los Angeles,31898,ORACLE-BMC-31898,1041,26.82
132.226.5.76,8443,TRUE,NRT,JP,Asia Pacific,Tokyo,31898,ORACLE-BMC-31898,1037,23.35
158.101.88.214,8443,TRUE,NRT,JP,Asia Pacific,Tokyo,31898,ORACLE-BMC-31898,1145,23.06
168.138.206.109,8443,TRUE,NRT,JP,Asia Pacific,Tokyo,31898,ORACLE-BMC-31898,1108,22.42
129.213.11.8,11704,TRUE,IAD,US,North America,Ashburn,31898,ORACLE-BMC-31898,592,21.97
138.2.231.22,33333,TRUE,SJC,US,North America,San Jose,31898,ORACLE-BMC-31898,285,21.62
155.248.169.25,8443,TRUE,NRT,JP,Asia Pacific,Tokyo,31898,ORACLE-BMC-31898,1019,21.59
140.83.35.10,8443,TRUE,NRT,JP,Asia Pacific,Tokyo,31898,ORACLE-BMC-31898,861,21.16
140.238.50.32,8443,TRUE,NRT,JP,Asia Pacific,Tokyo,31898,ORACLE-BMC-31898,1106,20.64
155.248.165.169,8443,TRUE,NRT,JP,Asia Pacific,Tokyo,31898,ORACLE-BMC-31898,760,20.59
140.238.59.255,8443,TRUE,NRT,JP,Asia Pacific,Tokyo,31898,ORACLE-BMC-31898,1444,20.43
140.238.32.184,8443,TRUE,NRT,JP,Asia Pacific,Tokyo,31898,ORACLE-BMC-31898,1092,19.48
138.3.223.70,8443,TRUE,NRT,JP,Asia Pacific,Tokyo,31898,ORACLE-BMC-31898,754,19.4
132.145.120.103,8443,TRUE,NRT,JP,Asia Pacific,Tokyo,31898,ORACLE-BMC-31898,1188,19.35
138.2.6.15,8443,TRUE,NRT,JP,Asia Pacific,Tokyo,31898,ORACLE-BMC-31898,1100,19.16
158.101.69.12,8443,TRUE,NRT,JP,Asia Pacific,Tokyo,31898,ORACLE-BMC-31898,756,19.07
150.230.201.162,8443,TRUE,NRT,JP,Asia Pacific,Tokyo,31898,ORACLE-BMC-31898,1095,18.94
140.238.33.94,8443,TRUE,NRT,JP,Asia Pacific,Tokyo,31898,ORACLE-BMC-31898,751,18.86
168.138.209.84,8443,TRUE,NRT,JP,Asia Pacific,Tokyo,31898,ORACLE-BMC-31898,1027,18.76
158.101.131.218,8443,TRUE,NRT,JP,Asia Pacific,Tokyo,31898,ORACLE-BMC-31898,1037,18.41
140.238.32.238,8443,TRUE,NRT,JP,Asia Pacific,Tokyo,31898,ORACLE-BMC-31898,1109,18.13
150.230.212.9,8443,TRUE,NRT,JP,Asia Pacific,Tokyo,31898,ORACLE-BMC-31898,768,18.13
155.248.167.70,8443,TRUE,NRT,JP,Asia Pacific,Tokyo,31898,ORACLE-BMC-31898,1338,18.08
131.186.35.189,8443,TRUE,NRT,JP,Asia Pacific,Tokyo,31898,ORACLE-BMC-31898,1109,18.06
140.83.34.230,8443,TRUE,NRT,JP,Asia Pacific,Tokyo,31898,ORACLE-BMC-31898,751,17.87
141.147.181.148,8443,TRUE,NRT,JP,Asia Pacific,Tokyo,31898,ORACLE-BMC-31898,768,17.85
140.238.34.208,8443,TRUE,NRT,JP,Asia Pacific,Tokyo,31898,ORACLE-BMC-31898,1043,17.82
141.147.182.70,8443,TRUE,NRT,JP,Asia Pacific,Tokyo,31898,ORACLE-BMC-31898,576,17.82
158.101.144.189,8443,TRUE,NRT,JP,Asia Pacific,Tokyo,31898,ORACLE-BMC-31898,825,17.66
132.145.126.204,8443,TRUE,NRT,JP,Asia Pacific,Tokyo,31898,ORACLE-BMC-31898,1098,17.63
140.238.51.184,8443,TRUE,NRT,JP,Asia Pacific,Tokyo,31898,ORACLE-BMC-31898,874,17.58
168.138.215.188,8443,TRUE,NRT,JP,Asia Pacific,Tokyo,31898,ORACLE-BMC-31898,762,17.52
168.138.212.74,8443,TRUE,NRT,JP,Asia Pacific,Tokyo,31898,ORACLE-BMC-31898,1110,17.29
131.186.62.26,8443,TRUE,NRT,JP,Asia Pacific,Tokyo,31898,ORACLE-BMC-31898,766,17.22
158.101.159.181,8443,TRUE,NRT,JP,Asia Pacific,Tokyo,31898,ORACLE-BMC-31898,1072,17.17
150.230.220.232,8443,TRUE,NRT,JP,Asia Pacific,Tokyo,31898,ORACLE-BMC-31898,745,17.15
132.145.114.250,8443,TRUE,NRT,JP,Asia Pacific,Tokyo,31898,ORACLE-BMC-31898,1100,17.07
138.2.20.48,8443,TRUE,NRT,JP,Asia Pacific,Tokyo,31898,ORACLE-BMC-31898,862,17.06
168.138.198.53,8443,TRUE,NRT,JP,Asia Pacific,Tokyo,31898,ORACLE-BMC-31898,776,16.91
158.101.133.129,8443,TRUE,NRT,JP,Asia Pacific,Tokyo,31898,ORACLE-BMC-31898,753,16.9
141.147.164.153,8443,TRUE,NRT,JP,Asia Pacific,Tokyo,31898,ORACLE-BMC-31898,1099,16.9
132.145.125.86,8443,TRUE,NRT,JP,Asia Pacific,Tokyo,31898,ORACLE-BMC-31898,1109,16.88
168.138.213.1,50009,TRUE,NRT,JP,Asia Pacific,Tokyo,31898,ORACLE-BMC-31898,1162,16.86
152.70.106.13,8443,TRUE,NRT,JP,Asia Pacific,Tokyo,31898,ORACLE-BMC-31898,1074,16.82
141.147.186.210,8443,TRUE,NRT,JP,Asia Pacific,Tokyo,31898,ORACLE-BMC-31898,754,16.73
150.230.101.125,8443,TRUE,NRT,JP,Asia Pacific,Tokyo,31898,ORACLE-BMC-31898,766,16.68
158.101.149.71,8443,TRUE,NRT,JP,Asia Pacific,Tokyo,31898,ORACLE-BMC-31898,760,16.57
138.3.220.4,8443,TRUE,NRT,JP,Asia Pacific,Tokyo,31898,ORACLE-BMC-31898,635,16.51
132.145.121.34,8443,TRUE,NRT,JP,Asia Pacific,Tokyo,31898,ORACLE-BMC-31898,1097,16.5
150.230.109.252,8443,TRUE,NRT,JP,Asia Pacific,Tokyo,31898,ORACLE-BMC-31898,755,16.3
131.186.34.244,8443,TRUE,NRT,JP,Asia Pacific,Tokyo,31898,ORACLE-BMC-31898,800,16.27
138.2.9.66,8443,TRUE,NRT,JP,Asia Pacific,Tokyo,31898,ORACLE-BMC-31898,795,16.23
158.101.150.74,8443,TRUE,NRT,JP,Asia Pacific,Tokyo,31898,ORACLE-BMC-31898,1113,16.12
140.238.61.78,8443,TRUE,NRT,JP,Asia Pacific,Tokyo,31898,ORACLE-BMC-31898,1108,16.11
141.147.179.64,8443,TRUE,NRT,JP,Asia Pacific,Tokyo,31898,ORACLE-BMC-31898,815,16.11
140.238.39.21,8443,TRUE,NRT,JP,Asia Pacific,Tokyo,31898,ORACLE-BMC-31898,1143,16.11
150.230.101.13,8443,TRUE,NRT,JP,Asia Pacific,Tokyo,31898,ORACLE-BMC-31898,1099,15.94
140.238.61.224,8443,TRUE,NRT,JP,Asia Pacific,Tokyo,31898,ORACLE-BMC-31898,1109,15.91
168.138.214.62,8443,TRUE,NRT,JP,Asia Pacific,Tokyo,31898,ORACLE-BMC-31898,854,15.91
140.238.35.138,8443,TRUE,NRT,JP,Asia Pacific,Tokyo,31898,ORACLE-BMC-31898,1120,15.91
140.238.36.216,8443,TRUE,NRT,JP,Asia Pacific,Tokyo,31898,ORACLE-BMC-31898,857,15.89
155.248.179.132,8443,TRUE,NRT,JP,Asia Pacific,Tokyo,31898,ORACLE-BMC-31898,1118,15.88
155.248.163.133,8443,TRUE,NRT,JP,Asia Pacific,Tokyo,31898,ORACLE-BMC-31898,1150,15.77
129.153.132.114,46000,TRUE,IAD,US,North America,Ashburn,31898,ORACLE-BMC-31898,1043,15.73
168.138.197.222,8443,TRUE,NRT,JP,Asia Pacific,Tokyo,31898,ORACLE-BMC-31898,934,15.62
131.186.36.248,8443,TRUE,NRT,JP,Asia Pacific,Tokyo,31898,ORACLE-BMC-31898,1108,15.32
158.179.188.7,8443,TRUE,NRT,JP,Asia Pacific,Tokyo,31898,ORACLE-BMC-31898,1114,15.15
155.248.160.116,8443,TRUE,NRT,JP,Asia Pacific,Tokyo,31898,ORACLE-BMC-31898,818,15.09
158.101.70.155,8443,TRUE,NRT,JP,Asia Pacific,Tokyo,31898,ORACLE-BMC-31898,1050,14.89
132.145.115.17,8443,TRUE,NRT,JP,Asia Pacific,Tokyo,31898,ORACLE-BMC-31898,867,14.72
138.2.10.251,8443,TRUE,NRT,JP,Asia Pacific,Tokyo,31898,ORACLE-BMC-31898,586,14.66
150.230.109.138,8443,TRUE,NRT,JP,Asia Pacific,Tokyo,31898,ORACLE-BMC-31898,1037,14.63
158.101.147.4,8443,TRUE,NRT,JP,Asia Pacific,Tokyo,31898,ORACLE-BMC-31898,1092,14.54
168.138.202.169,8443,TRUE,NRT,JP,Asia Pacific,Tokyo,31898,ORACLE-BMC-31898,1103,14.24
141.147.191.211,8443,TRUE,NRT,JP,Asia Pacific,Tokyo,31898,ORACLE-BMC-31898,1119,14.08
158.101.146.203,8443,TRUE,NRT,JP,Asia Pacific,Tokyo,31898,ORACLE-BMC-31898,840,13.79
158.101.142.103,8443,TRUE,NRT,JP,Asia Pacific,Tokyo,31898,ORACLE-BMC-31898,1109,13.21
150.230.107.197,8443,TRUE,NRT,JP,Asia Pacific,Tokyo,31898,ORACLE-BMC-31898,1115,12.22
131.186.43.207,8443,TRUE,NRT,JP,Asia Pacific,Tokyo,31898,ORACLE-BMC-31898,1110,11.86
132.145.126.21,8443,TRUE,NRT,JP,Asia Pacific,Tokyo,31898,ORACLE-BMC-31898,870,11.78
150.230.201.63,8443,TRUE,NRT,JP,Asia Pacific,Tokyo,31898,ORACLE-BMC-31898,878,11.56
150.230.216.117,8443,TRUE,NRT,JP,Asia Pacific,Tokyo,31898,ORACLE-BMC-31898,765,11.39
131.186.41.255,8443,TRUE,NRT,JP,Asia Pacific,Tokyo,31898,ORACLE-BMC-31898,1099,11.21
140.238.54.182,8443,TRUE,NRT,JP,Asia Pacific,Tokyo,31898,ORACLE-BMC-31898,1098,10.98
141.147.167.40,8443,TRUE,NRT,JP,Asia Pacific,Tokyo,31898,ORACLE-BMC-31898,1109,10.94
141.147.178.202,8443,TRUE,NRT,JP,Asia Pacific,Tokyo,31898,ORACLE-BMC-31898,766,10.94
52.13.18.181,8880,TRUE,SEA,US,North America,Seattle,16509,AMAZON-02,150,35.99
18.143.232.63,9999,TRUE,SIN,SG,Asia Pacific,Singapore,16509,AMAZON-02,541,10.27
47.91.14.69,8443,TRUE,NRT,JP,Asia Pacific,Tokyo,45102,"Alibaba US Technology Co., Ltd.",830,16.7
47.245.56.207,8443,TRUE,NRT,JP,Asia Pacific,Tokyo,45102,"Alibaba US Technology Co., Ltd.",907,16.54
47.74.4.47,8443,TRUE,NRT,JP,Asia Pacific,Tokyo,45102,"Alibaba US Technology Co., Ltd.",1029,15.23
8.209.222.31,8443,TRUE,NRT,JP,Asia Pacific,Tokyo,45102,"Alibaba US Technology Co., Ltd.",1075,14.82
47.74.10.135,8443,TRUE,NRT,JP,Asia Pacific,Tokyo,45102,"Alibaba US Technology Co., Ltd.",794,14.07
47.74.34.135,8443,TRUE,NRT,JP,Asia Pacific,Tokyo,45102,"Alibaba US Technology Co., Ltd.",782,13.96
47.74.50.249,8443,TRUE,NRT,JP,Asia Pacific,Tokyo,45102,"Alibaba US Technology Co., Ltd.",1078,13.12
47.74.26.132,8443,TRUE,NRT,JP,Asia Pacific,Tokyo,45102,"Alibaba US Technology Co., Ltd.",873,11.81
47.74.46.84,8443,TRUE,NRT,JP,Asia Pacific,Tokyo,45102,"Alibaba US Technology Co., Ltd.",1028,11.74
47.91.18.207,8443,TRUE,NRT,JP,Asia Pacific,Tokyo,45102,"Alibaba US Technology Co., Ltd.",787,9.08
176.126.114.97,443,TRUE,NRT,JP,Asia Pacific,Tokyo,3258,xTom Pty Ltd,365,10.2
176.119.148.119,13504,TRUE,NRT,JP,Asia Pacific,Tokyo,3258,xTom Pty Ltd,416,9.43
51.107.6.220,8443,TRUE,MXP,IT,Europe,Milan,8075,MICROSOFT-CORP-MSN-AS-BLOCK,758,14.96
51.107.1.96,8443,TRUE,MXP,IT,Europe,Milan,8075,MICROSOFT-CORP-MSN-AS-BLOCK,773,13.38
51.107.7.135,8443,TRUE,MXP,IT,Europe,Milan,8075,MICROSOFT-CORP-MSN-AS-BLOCK,738,13.34
20.151.237.104,2053,TRUE,YYZ,CA,North America,Toronto,8075,MICROSOFT-CORP-MSN-AS-BLOCK,508,9.68
13.87.92.42,443,TRUE,LHR,GB,Europe,London,8075,MICROSOFT-CORP-MSN-AS-BLOCK,694,8.82
172.190.150.25,8443,TRUE,IAD,US,North America,Ashburn,8075,MICROSOFT-CORP-MSN-AS-BLOCK,594,8.72
20.246.127.166,443,TRUE,IAD,US,North America,Ashburn,8075,MICROSOFT-CORP-MSN-AS-BLOCK,852,7.5
20.251.162.143,2087,TRUE,FRA,DE,Europe,Frankfurt,8075,MICROSOFT-CORP-MSN-AS-BLOCK,847,7.34
20.250.70.204,2083,TRUE,MXP,IT,Europe,Milan,8075,MICROSOFT-CORP-MSN-AS-BLOCK,726,7.25
51.116.127.112,8443,TRUE,FRA,DE,Europe,Frankfurt,8075,MICROSOFT-CORP-MSN-AS-BLOCK,705,7.23
4.232.128.210,2053,TRUE,MXP,IT,Europe,Milan,8075,MICROSOFT-CORP-MSN-AS-BLOCK,911,6.13
52.151.81.2,2083,TRUE,LHR,GB,Europe,London,8075,MICROSOFT-CORP-MSN-AS-BLOCK,691,5.89
20.19.38.164,8443,TRUE,CDG,FR,Europe,Paris,8075,MICROSOFT-CORP-MSN-AS-BLOCK,750,5.87
52.252.14.249,443,TRUE,IAD,US,North America,Ashburn,8075,MICROSOFT-CORP-MSN-AS-BLOCK,803,5.87
20.230.56.62,443,TRUE,IAD,US,North America,Ashburn,8075,MICROSOFT-CORP-MSN-AS-BLOCK,730,5.55
4.226.51.11,8443,TRUE,ZRH,CH,Europe,Zurich,8075,MICROSOFT-CORP-MSN-AS-BLOCK,780,5.43
20.240.193.124,8443,TRUE,ARN,SE,Europe,Stockholm,8075,MICROSOFT-CORP-MSN-AS-BLOCK,916,5.32
104.40.244.228,443,TRUE,AMS,NL,Europe,Amsterdam,8075,MICROSOFT-CORP-MSN-AS-BLOCK,711,5.26
74.226.175.169,8443,TRUE,NRT,JP,Asia Pacific,Tokyo,8075,MICROSOFT-CORP-MSN-AS-BLOCK,592,5.25
172.208.36.45,443,TRUE,IAD,US,North America,Ashburn,8075,MICROSOFT-CORP-MSN-AS-BLOCK,479,5.1
20.162.83.161,2053,TRUE,LHR,GB,Europe,London,8075,MICROSOFT-CORP-MSN-AS-BLOCK,742,5.06
20.218.125.181,443,TRUE,FRA,DE,Europe,Frankfurt,8075,MICROSOFT-CORP-MSN-AS-BLOCK,739,4.79
20.230.146.168,443,TRUE,SEA,US,North America,Seattle,8075,MICROSOFT-CORP-MSN-AS-BLOCK,830,4.65
51.116.102.174,8443,TRUE,FRA,DE,Europe,Frankfurt,8075,MICROSOFT-CORP-MSN-AS-BLOCK,685,4.65
20.39.190.94,2053,TRUE,ICN,KR,Asia Pacific,Seoul,8075,MICROSOFT-CORP-MSN-AS-BLOCK,809,4.39
20.246.144.214,443,TRUE,IAD,US,North America,Ashburn,8075,MICROSOFT-CORP-MSN-AS-BLOCK,319,4.33
20.31.76.102,443,TRUE,AMS,NL,Europe,Amsterdam,8075,MICROSOFT-CORP-MSN-AS-BLOCK,774,4.12
40.89.178.51,2053,TRUE,CDG,FR,Europe,Paris,8075,MICROSOFT-CORP-MSN-AS-BLOCK,877,4.03
20.221.32.145,443,TRUE,ORD,US,North America,Chicago,8075,MICROSOFT-CORP-MSN-AS-BLOCK,836,3.7
20.77.10.18,8443,TRUE,LHR,GB,Europe,London,8075,MICROSOFT-CORP-MSN-AS-BLOCK,695,3.54
20.250.160.232,443,TRUE,MXP,IT,Europe,Milan,8075,MICROSOFT-CORP-MSN-AS-BLOCK,784,3.5
172.160.249.169,8443,TRUE,ARN,SE,Europe,Stockholm,8075,MICROSOFT-CORP-MSN-AS-BLOCK,918,3.41
52.141.25.42,443,TRUE,HKG,HK,Asia Pacific,Hong Kong,8075,MICROSOFT-CORP-MSN-AS-BLOCK,900,3.2
20.191.154.195,8443,TRUE,SIN,SG,Asia Pacific,Singapore,8075,MICROSOFT-CORP-MSN-AS-BLOCK,779,3.16
20.218.224.219,8443,TRUE,FRA,DE,Europe,Frankfurt,8075,MICROSOFT-CORP-MSN-AS-BLOCK,732,2.38
20.197.226.118,8443,TRUE,GRU,BR,South America,São Paulo,8075,MICROSOFT-CORP-MSN-AS-BLOCK,809,1.66
20.240.254.247,8443,TRUE,ARN,SE,Europe,Stockholm,8075,MICROSOFT-CORP-MSN-AS-BLOCK,808,1.43
4.235.9.57,2053,TRUE,CPH,DK,Europe,Copenhagen,8075,MICROSOFT-CORP-MSN-AS-BLOCK,908,1.12
20.90.163.76,2053,TRUE,LHR,GB,Europe,London,8075,MICROSOFT-CORP-MSN-AS-BLOCK,681,0.9
20.170.41.153,443,TRUE,FRA,DE,Europe,Frankfurt,8075,MICROSOFT-CORP-MSN-AS-BLOCK,740,0.49
20.65.184.211,8443,TRUE,DFW,US,North America,Dallas,8075,MICROSOFT-CORP-MSN-AS-BLOCK,254,0.49
52.143.149.24,2053,TRUE,CDG,FR,Europe,Paris,8075,MICROSOFT-CORP-MSN-AS-BLOCK,682,0.48
51.107.3.73,8443,TRUE,MXP,IT,Europe,Milan,8075,MICROSOFT-CORP-MSN-AS-BLOCK,748,0.36
4.232.155.190,2053,TRUE,MRS,FR,Europe,Marseille,8075,MICROSOFT-CORP-MSN-AS-BLOCK,742,0.25
20.6.32.20,4431,TRUE,SIN,SG,Asia Pacific,Singapore,8075,MICROSOFT-CORP-MSN-AS-BLOCK,885,0.14
13.78.116.99,443,TRUE,NRT,JP,Asia Pacific,Tokyo,8075,MICROSOFT-CORP-MSN-AS-BLOCK,611,0.1
13.38.117.229,24268,TRUE,CDG,FR,Europe,Paris,16509,AMAZON-02,500,8.17
129.159.83.88,8443,TRUE,IAD,US,North America,Ashburn,31898,ORACLE-BMC-31898,1049,25.35
168.138.205.38,8443,TRUE,NRT,JP,Asia Pacific,Tokyo,31898,ORACLE-BMC-31898,907,22.02
168.138.195.31,8443,TRUE,NRT,JP,Asia Pacific,Tokyo,31898,ORACLE-BMC-31898,1100,21.66
140.83.38.243,8443,TRUE,NRT,JP,Asia Pacific,Tokyo,31898,ORACLE-BMC-31898,1096,21.6
168.138.206.68,8443,TRUE,NRT,JP,Asia Pacific,Tokyo,31898,ORACLE-BMC-31898,1102,20.36
150.230.219.168,8443,TRUE,NRT,JP,Asia Pacific,Tokyo,31898,ORACLE-BMC-31898,1100,19.24
150.136.241.40,8443,TRUE,IAD,US,North America,Ashburn,31898,ORACLE-BMC-31898,1016,18.64
152.70.106.195,8443,TRUE,NRT,JP,Asia Pacific,Tokyo,31898,ORACLE-BMC-31898,1103,18.02
150.230.200.210,8443,TRUE,NRT,JP,Asia Pacific,Tokyo,31898,ORACLE-BMC-31898,1088,17.94
150.230.221.219,8443,TRUE,NRT,JP,Asia Pacific,Tokyo,31898,ORACLE-BMC-31898,1102,17.69
150.230.202.232,8443,TRUE,NRT,JP,Asia Pacific,Tokyo,31898,ORACLE-BMC-31898,915,17.23
150.230.202.132,8443,TRUE,NRT,JP,Asia Pacific,Tokyo,31898,ORACLE-BMC-31898,1078,17.22
155.248.166.39,8443,TRUE,NRT,JP,Asia Pacific,Tokyo,31898,ORACLE-BMC-31898,1048,16.75
155.248.174.71,8443,TRUE,NRT,JP,Asia Pacific,Tokyo,31898,ORACLE-BMC-31898,1100,16.33
150.230.221.114,8443,TRUE,NRT,JP,Asia Pacific,Tokyo,31898,ORACLE-BMC-31898,865,16.31
141.147.162.204,8443,TRUE,NRT,JP,Asia Pacific,Tokyo,31898,ORACLE-BMC-31898,892,16.3
158.101.90.190,8443,TRUE,NRT,JP,Asia Pacific,Tokyo,31898,ORACLE-BMC-31898,890,16.04
132.145.121.175,8443,TRUE,NRT,JP,Asia Pacific,Tokyo,31898,ORACLE-BMC-31898,1087,15.91
131.186.63.127,8443,TRUE,NRT,JP,Asia Pacific,Tokyo,31898,ORACLE-BMC-31898,1081,15.81
138.3.222.204,8443,TRUE,NRT,JP,Asia Pacific,Tokyo,31898,ORACLE-BMC-31898,1071,15.73
155.248.187.37,8443,TRUE,NRT,JP,Asia Pacific,Tokyo,31898,ORACLE-BMC-31898,1052,14.64
140.238.32.112,8443,TRUE,NRT,JP,Asia Pacific,Tokyo,31898,ORACLE-BMC-31898,1099,14.52
140.238.41.167,8443,TRUE,NRT,JP,Asia Pacific,Tokyo,31898,ORACLE-BMC-31898,880,14.08
138.3.212.162,8443,TRUE,NRT,JP,Asia Pacific,Tokyo,31898,ORACLE-BMC-31898,890,12.39
158.101.145.246,8443,TRUE,NRT,JP,Asia Pacific,Tokyo,31898,ORACLE-BMC-31898,1079,12.28
158.179.186.251,8443,TRUE,NRT,JP,Asia Pacific,Tokyo,31898,ORACLE-BMC-31898,1087,12.18
132.226.6.5,8443,TRUE,NRT,JP,Asia Pacific,Tokyo,31898,ORACLE-BMC-31898,1106,12.11
158.101.149.122,8443,TRUE,NRT,JP,Asia Pacific,Tokyo,31898,ORACLE-BMC-31898,1104,11.62
132.145.125.165,8443,TRUE,NRT,JP,Asia Pacific,Tokyo,31898,ORACLE-BMC-31898,888,11.62
168.138.212.40,8443,TRUE,NRT,JP,Asia Pacific,Tokyo,31898,ORACLE-BMC-31898,912,11.42
168.138.205.195,8443,TRUE,NRT,JP,Asia Pacific,Tokyo,31898,ORACLE-BMC-31898,892,11.39
158.179.188.175,8443,TRUE,NRT,JP,Asia Pacific,Tokyo,31898,ORACLE-BMC-31898,985,11.2
151.145.74.56,8443,TRUE,NRT,JP,Asia Pacific,Tokyo,31898,ORACLE-BMC-31898,997,11.03
168.138.212.184,8443,TRUE,NRT,JP,Asia Pacific,Tokyo,31898,ORACLE-BMC-31898,889,10.68
131.186.61.45,8443,TRUE,NRT,JP,Asia Pacific,Tokyo,31898,ORACLE-BMC-31898,1103,10.45
158.101.154.70,8443,TRUE,NRT,JP,Asia Pacific,Tokyo,31898,ORACLE-BMC-31898,904,10.32
131.186.38.135,8443,TRUE,NRT,JP,Asia Pacific,Tokyo,31898,ORACLE-BMC-31898,889,9.08
158.179.178.145,8443,TRUE,NRT,JP,Asia Pacific,Tokyo,31898,ORACLE-BMC-31898,895,9.02
131.186.37.49,8443,TRUE,NRT,JP,Asia Pacific,Tokyo,31898,ORACLE-BMC-31898,1126,8.98
155.248.178.235,8443,TRUE,NRT,JP,Asia Pacific,Tokyo,31898,ORACLE-BMC-31898,964,8.57
150.230.205.56,8443,TRUE,NRT,JP,Asia Pacific,Tokyo,31898,ORACLE-BMC-31898,912,8.57
138.2.36.157,8443,TRUE,KIX,JP,Asia Pacific,Osaka,31898,ORACLE-BMC-31898,1096,8.49
150.230.207.53,8443,TRUE,NRT,JP,Asia Pacific,Tokyo,31898,ORACLE-BMC-31898,882,8.31
138.3.216.67,8443,TRUE,NRT,JP,Asia Pacific,Tokyo,31898,ORACLE-BMC-31898,881,7.98
158.101.137.74,8443,TRUE,NRT,JP,Asia Pacific,Tokyo,31898,ORACLE-BMC-31898,1126,7.97
158.101.140.255,8443,TRUE,NRT,JP,Asia Pacific,Tokyo,31898,ORACLE-BMC-31898,1125,7.58
138.2.15.8,8443,TRUE,NRT,JP,Asia Pacific,Tokyo,31898,ORACLE-BMC-31898,890,7.42
132.145.122.95,8443,TRUE,NRT,JP,Asia Pacific,Tokyo,31898,ORACLE-BMC-31898,959,7.27
168.138.198.202,8443,TRUE,NRT,JP,Asia Pacific,Tokyo,31898,ORACLE-BMC-31898,888,7.24
150.230.201.39,8443,TRUE,NRT,JP,Asia Pacific,Tokyo,31898,ORACLE-BMC-31898,958,6.88
192.9.241.4,34237,TRUE,SJC,US,North America,San Jose,31898,ORACLE-BMC-31898,120,6.6
151.145.65.8,8443,TRUE,NRT,JP,Asia Pacific,Tokyo,31898,ORACLE-BMC-31898,957,6.55
165.1.68.90,58688,TRUE,SJC,US,North America,San Jose,31898,ORACLE-BMC-31898,146,6.34
129.153.214.71,16666,TRUE,LAX,US,North America,Los Angeles,31898,ORACLE-BMC-31898,591,6.27
141.147.164.54,8443,TRUE,NRT,JP,Asia Pacific,Tokyo,31898,ORACLE-BMC-31898,1103,6.17
129.146.242.3,28443,TRUE,LAX,US,North America,Los Angeles,31898,ORACLE-BMC-31898,227,6.12
146.235.233.175,12528,TRUE,SJC,US,North America,San Jose,31898,ORACLE-BMC-31898,102,6.1
168.138.209.244,8443,TRUE,NRT,JP,Asia Pacific,Tokyo,31898,ORACLE-BMC-31898,924,5.89
168.138.212.175,8443,TRUE,NRT,JP,Asia Pacific,Tokyo,31898,ORACLE-BMC-31898,917,5.89
141.147.168.13,8443,TRUE,NRT,JP,Asia Pacific,Tokyo,31898,ORACLE-BMC-31898,901,5.88
138.2.19.122,8443,TRUE,NRT,JP,Asia Pacific,Tokyo,31898,ORACLE-BMC-31898,906,5.77
132.226.168.199,18421,TRUE,NRT,JP,Asia Pacific,Tokyo,31898,ORACLE-BMC-31898,1105,5.76
150.230.98.39,8443,TRUE,NRT,JP,Asia Pacific,Tokyo,31898,ORACLE-BMC-31898,1103,5.51
168.138.206.236,8443,TRUE,NRT,JP,Asia Pacific,Tokyo,31898,ORACLE-BMC-31898,1103,5.47
140.238.38.245,8443,TRUE,NRT,JP,Asia Pacific,Tokyo,31898,ORACLE-BMC-31898,1111,5.43
129.146.198.253,28443,TRUE,LAX,US,North America,Los Angeles,31898,ORACLE-BMC-31898,226,5.23
146.235.193.198,56831,TRUE,SJC,US,North America,San Jose,31898,ORACLE-BMC-31898,143,5.18
138.2.10.249,34237,TRUE,NRT,JP,Asia Pacific,Tokyo,31898,ORACLE-BMC-31898,1087,4.94
152.70.106.21,8443,TRUE,NRT,JP,Asia Pacific,Tokyo,31898,ORACLE-BMC-31898,930,4.91
165.1.65.220,55200,TRUE,SJC,US,North America,San Jose,31898,ORACLE-BMC-31898,167,4.81
138.2.21.196,44333,TRUE,NRT,JP,Asia Pacific,Tokyo,31898,ORACLE-BMC-31898,1087,4.48
131.186.47.255,8443,TRUE,NRT,JP,Asia Pacific,Tokyo,31898,ORACLE-BMC-31898,915,4.26
158.101.154.245,47001,TRUE,NRT,JP,Asia Pacific,Tokyo,31898,ORACLE-BMC-31898,1065,4.25
129.159.47.165,59315,TRUE,SJC,US,North America,San Jose,31898,ORACLE-BMC-31898,108,4.2
129.213.22.27,15090,TRUE,IAD,US,North America,Ashburn,31898,ORACLE-BMC-31898,1037,3.87
168.138.202.145,8443,TRUE,NRT,JP,Asia Pacific,Tokyo,31898,ORACLE-BMC-31898,882,2.93
129.151.223.42,27017,TRUE,ARN,SE,Europe,Stockholm,31898,ORACLE-BMC-31898,1106,2.73
141.147.189.242,8443,TRUE,NRT,JP,Asia Pacific,Tokyo,31898,ORACLE-BMC-31898,917,2.65
138.2.25.122,8443,TRUE,NRT,JP,Asia Pacific,Tokyo,31898,ORACLE-BMC-31898,936,2.36
158.178.241.138,45000,TRUE,SIN,SG,Asia Pacific,Singapore,31898,ORACLE-BMC-31898,1108,2.24
141.147.144.15,13357,TRUE,KIX,JP,Asia Pacific,Osaka,31898,ORACLE-BMC-31898,1113,2.03
150.230.107.94,8443,TRUE,NRT,JP,Asia Pacific,Tokyo,31898,ORACLE-BMC-31898,881,1.46
150.230.105.53,8443,TRUE,NRT,JP,Asia Pacific,Tokyo,31898,ORACLE-BMC-31898,902,1.46
140.238.33.165,8443,TRUE,NRT,JP,Asia Pacific,Tokyo,31898,ORACLE-BMC-31898,890,1.1
155.248.177.210,8443,TRUE,NRT,JP,Asia Pacific,Tokyo,31898,ORACLE-BMC-31898,871,0.59
151.145.64.170,8443,TRUE,NRT,JP,Asia Pacific,Tokyo,31898,ORACLE-BMC-31898,904,0.39
132.145.83.155,33799,TRUE,HKG,HK,Asia Pacific,Hong Kong,31898,ORACLE-BMC-31898,1106,0.38
132.145.120.182,8443,TRUE,NRT,JP,Asia Pacific,Tokyo,31898,ORACLE-BMC-31898,882,0.35
141.147.160.86,8443,TRUE,NRT,JP,Asia Pacific,Tokyo,31898,ORACLE-BMC-31898,1101,0.33
150.230.204.21,10243,TRUE,NRT,JP,Asia Pacific,Tokyo,31898,ORACLE-BMC-31898,1114,0.24
152.69.205.37,54322,TRUE,NRT,JP,Asia Pacific,Tokyo,31898,ORACLE-BMC-31898,1142,0.1
158.179.182.19,8443,TRUE,NRT,JP,Asia Pacific,Tokyo,31898,ORACLE-BMC-31898,879,0.06
138.2.67.121,44400,TRUE,SIN,SG,Asia Pacific,Singapore,31898,ORACLE-BMC-31898,1108,0.05
202.91.35.39,448,TRUE,LAX,US,North America,Los Angeles,40065,CNSERVERS,337,72.61
91.217.139.94,34237,TRUE,LAX,US,North America,Los Angeles,40065,CNSERVERS,414,49.12
38.147.165.204,25565,TRUE,LAX,US,North America,Los Angeles,40065,CNSERVERS,383,45.86
156.251.183.226,34147,TRUE,SIN,SG,Asia Pacific,Singapore,40065,CNSERVERS,828,9.27
103.103.245.23,38372,TRUE,HKG,HK,Asia Pacific,Hong Kong,40065,CNSERVERS,823,6.64
185.186.147.105,34237,TRUE,LAX,US,North America,Los Angeles,40065,CNSERVERS,390,6.37
216.38.168.34,16384,TRUE,LAX,US,North America,Los Angeles,40065,CNSERVERS,400,6.28
2.56.255.22,19096,TRUE,LAX,US,North America,Los Angeles,40065,CNSERVERS,382,6.14
103.94.185.172,34567,TRUE,LAX,US,North America,Los Angeles,40065,CNSERVERS,373,6.01
103.234.53.22,1450,TRUE,HKG,HK,Asia Pacific,Hong Kong,40065,CNSERVERS,738,5.62
103.235.18.119,10020,TRUE,HKG,HK,Asia Pacific,Hong Kong,40065,CNSERVERS,749,5.4
2.56.255.97,34237,TRUE,LAX,US,North America,Los Angeles,40065,CNSERVERS,349,5.3
193.22.152.226,443,TRUE,LAX,US,North America,Los Angeles,40065,CNSERVERS,415,5.26
2.59.151.29,47054,TRUE,LAX,US,North America,Los Angeles,40065,CNSERVERS,348,5.21
212.103.62.244,19560,TRUE,LAX,US,North America,Los Angeles,40065,CNSERVERS,408,5.16
154.64.240.232,29132,TRUE,LAX,US,North America,Los Angeles,40065,CNSERVERS,364,4.18
23.224.49.182,34237,TRUE,LAX,US,North America,Los Angeles,40065,CNSERVERS,412,4.1
103.103.245.218,35570,TRUE,HKG,HK,Asia Pacific,Hong Kong,40065,CNSERVERS,771,3.57
23.224.171.223,34237,TRUE,LAX,US,North America,Los Angeles,40065,CNSERVERS,409,3.43
156.251.179.136,34237,TRUE,HKG,HK,Asia Pacific,Hong Kong,40065,CNSERVERS,769,3.29
185.186.146.99,24853,TRUE,LAX,US,North America,Los Angeles,40065,CNSERVERS,382,3.22
23.224.144.82,34237,TRUE,LAX,US,North America,Los Angeles,40065,CNSERVERS,440,3.17
103.94.185.7,35586,TRUE,LAX,US,North America,Los Angeles,40065,CNSERVERS,375,3.13
156.251.176.23,443,TRUE,HKG,HK,Asia Pacific,Hong Kong,40065,CNSERVERS,750,3.12
23.224.141.167,26578,TRUE,LAX,US,North America,Los Angeles,40065,CNSERVERS,344,2.34
172.247.109.60,34237,TRUE,LAX,US,North America,Los Angeles,40065,CNSERVERS,345,2.24
172.247.123.120,34237,TRUE,LAX,US,North America,Los Angeles,40065,CNSERVERS,368,2.11
172.247.15.219,34237,TRUE,LAX,US,North America,Los Angeles,40065,CNSERVERS,387,2.1
172.247.123.75,34237,TRUE,LAX,US,North America,Los Angeles,40065,CNSERVERS,93,1.93
23.224.141.132,34237,TRUE,LAX,US,North America,Los Angeles,40065,CNSERVERS,367,1.53
172.247.123.93,34237,TRUE,LAX,US,North America,Los Angeles,40065,CNSERVERS,323,1.48
154.88.31.91,30000,TRUE,HKG,HK,Asia Pacific,Hong Kong,40065,CNSERVERS,796,0.18
154.88.30.16,34237,TRUE,HKG,HK,Asia Pacific,Hong Kong,40065,CNSERVERS,790,0.04
47.91.10.228,8443,TRUE,NRT,JP,Asia Pacific,Tokyo,45102,"Alibaba US Technology Co., Ltd.",1045,4.14
47.245.37.41,8443,TRUE,NRT,JP,Asia Pacific,Tokyo,45102,"Alibaba US Technology Co., Ltd.",1144,2.44
47.74.43.95,8443,TRUE,NRT,JP,Asia Pacific,Tokyo,45102,"Alibaba US Technology Co., Ltd.",1097,0.35
47.91.16.198,8443,TRUE,NRT,JP,Asia Pacific,Tokyo,45102,"Alibaba US Technology Co., Ltd.",1090,0.31
47.245.40.161,8443,TRUE,NRT,JP,Asia Pacific,Tokyo,45102,"Alibaba US Technology Co., Ltd.",1089,0.3
47.236.166.184,8443,TRUE,SIN,SG,Asia Pacific,Singapore,45102,"Alibaba US Technology Co., Ltd.",1104,0.19
152.32.190.239,4431,TRUE,HKG,HK,Asia Pacific,Hong Kong,135377,UCLOUD INFORMATION TECHNOLOGY HK LIMITED,555,1.95
165.154.147.41,12218,TRUE,SIN,SG,Asia Pacific,Singapore,135377,UCLOUD INFORMATION TECHNOLOGY HK LIMITED,605,0.54
107.150.100.118,8080,TRUE,LAX,US,North America,Los Angeles,135377,UCLOUD INFORMATION TECHNOLOGY HK LIMITED,53,0.37
118.26.38.134,443,TRUE,HKG,HK,Asia Pacific,Hong Kong,135377,UCLOUD INFORMATION TECHNOLOGY HK LIMITED,542,0.12
152.32.130.150,806,TRUE,HKG,HK,Asia Pacific,Hong Kong,135377,UCLOUD INFORMATION TECHNOLOGY HK LIMITED,537,0.11
118.26.39.145,443,TRUE,LAX,US,North America,Los Angeles,135377,UCLOUD INFORMATION TECHNOLOGY HK LIMITED,993,0.02
34.141.59.223,443,TRUE,FRA,DE,Europe,Frankfurt,396982,GOOGLE-CLOUD-PLATFORM,486,8.31
34.116.198.247,443,TRUE,FRA,DE,Europe,Frankfurt,396982,GOOGLE-CLOUD-PLATFORM,547,8.08
35.198.190.177,443,TRUE,AMS,NL,Europe,Amsterdam,396982,GOOGLE-CLOUD-PLATFORM,544,8.08
34.90.158.204,443,TRUE,FRA,DE,Europe,Frankfurt,396982,GOOGLE-CLOUD-PLATFORM,509,7.69
34.90.129.70,443,TRUE,FRA,DE,Europe,Frankfurt,396982,GOOGLE-CLOUD-PLATFORM,754,7.52
34.159.222.88,443,TRUE,FRA,DE,Europe,Frankfurt,396982,GOOGLE-CLOUD-PLATFORM,577,7.33
34.90.47.122,443,TRUE,FRA,DE,Europe,Frankfurt,396982,GOOGLE-CLOUD-PLATFORM,506,7.19
34.65.97.75,443,TRUE,FRA,DE,Europe,Frankfurt,396982,GOOGLE-CLOUD-PLATFORM,523,7.18
34.159.59.72,443,TRUE,FRA,DE,Europe,Frankfurt,396982,GOOGLE-CLOUD-PLATFORM,524,7.16
34.89.128.165,443,TRUE,FRA,DE,Europe,Frankfurt,396982,GOOGLE-CLOUD-PLATFORM,594,7.15
34.65.240.216,443,TRUE,FRA,DE,Europe,Frankfurt,396982,GOOGLE-CLOUD-PLATFORM,531,7.08
34.154.159.99,443,TRUE,FRA,DE,Europe,Frankfurt,396982,GOOGLE-CLOUD-PLATFORM,533,6.82
34.141.71.224,443,TRUE,FRA,DE,Europe,Frankfurt,396982,GOOGLE-CLOUD-PLATFORM,837,6.79
34.118.112.135,443,TRUE,FRA,DE,Europe,Frankfurt,396982,GOOGLE-CLOUD-PLATFORM,550,6.68
35.196.72.166,443,TRUE,ATL,US,North America,Atlanta,396982,GOOGLE-CLOUD-PLATFORM,387,6.64
34.65.75.131,443,TRUE,FRA,DE,Europe,Frankfurt,396982,GOOGLE-CLOUD-PLATFORM,535,6.61
34.159.126.5,443,TRUE,FRA,DE,Europe,Frankfurt,396982,GOOGLE-CLOUD-PLATFORM,629,6.51
34.65.114.157,443,TRUE,FRA,DE,Europe,Frankfurt,396982,GOOGLE-CLOUD-PLATFORM,569,6.5
34.107.6.24,443,TRUE,FRA,DE,Europe,Frankfurt,396982,GOOGLE-CLOUD-PLATFORM,496,6.5
35.198.85.198,443,TRUE,FRA,DE,Europe,Frankfurt,396982,GOOGLE-CLOUD-PLATFORM,512,6.49
34.154.20.202,443,TRUE,FRA,DE,Europe,Frankfurt,396982,GOOGLE-CLOUD-PLATFORM,599,6.49
35.204.103.80,443,TRUE,CDG,FR,Europe,Paris,396982,GOOGLE-CLOUD-PLATFORM,569,6.42
34.118.11.220,443,TRUE,FRA,DE,Europe,Frankfurt,396982,GOOGLE-CLOUD-PLATFORM,772,6.33
34.116.157.238,443,TRUE,FRA,DE,Europe,Frankfurt,396982,GOOGLE-CLOUD-PLATFORM,564,6.3
34.65.69.117,443,TRUE,FRA,DE,Europe,Frankfurt,396982,GOOGLE-CLOUD-PLATFORM,524,6.27
34.90.76.0,443,TRUE,FRA,DE,Europe,Frankfurt,396982,GOOGLE-CLOUD-PLATFORM,607,6.19
34.107.41.98,443,TRUE,FRA,DE,Europe,Frankfurt,396982,GOOGLE-CLOUD-PLATFORM,529,6.18
34.118.40.101,443,TRUE,FRA,DE,Europe,Frankfurt,396982,GOOGLE-CLOUD-PLATFORM,597,6.13
34.118.75.249,443,TRUE,FRA,DE,Europe,Frankfurt,396982,GOOGLE-CLOUD-PLATFORM,547,6.12
34.65.59.245,443,TRUE,FRA,DE,Europe,Frankfurt,396982,GOOGLE-CLOUD-PLATFORM,558,6.07
34.65.247.160,443,TRUE,FRA,DE,Europe,Frankfurt,396982,GOOGLE-CLOUD-PLATFORM,619,6.06
34.107.83.30,443,TRUE,FRA,DE,Europe,Frankfurt,396982,GOOGLE-CLOUD-PLATFORM,564,6.05
34.89.156.87,443,TRUE,FRA,DE,Europe,Frankfurt,396982,GOOGLE-CLOUD-PLATFORM,560,5.96
35.246.247.95,443,TRUE,FRA,DE,Europe,Frankfurt,396982,GOOGLE-CLOUD-PLATFORM,658,5.92
34.65.44.52,443,TRUE,FRA,DE,Europe,Frankfurt,396982,GOOGLE-CLOUD-PLATFORM,529,5.86
34.116.142.89,443,TRUE,FRA,DE,Europe,Frankfurt,396982,GOOGLE-CLOUD-PLATFORM,622,5.82
34.116.233.114,443,TRUE,FRA,DE,Europe,Frankfurt,396982,GOOGLE-CLOUD-PLATFORM,572,5.82
34.141.210.184,443,TRUE,FRA,DE,Europe,Frankfurt,396982,GOOGLE-CLOUD-PLATFORM,551,5.79
34.118.115.104,443,TRUE,FRA,DE,Europe,Frankfurt,396982,GOOGLE-CLOUD-PLATFORM,551,5.73
34.107.125.78,443,TRUE,FRA,DE,Europe,Frankfurt,396982,GOOGLE-CLOUD-PLATFORM,611,5.71
34.140.8.109,443,TRUE,CDG,FR,Europe,Paris,396982,GOOGLE-CLOUD-PLATFORM,576,5.69
34.65.222.230,443,TRUE,FRA,DE,Europe,Frankfurt,396982,GOOGLE-CLOUD-PLATFORM,603,5.59
34.154.48.195,443,TRUE,FRA,DE,Europe,Frankfurt,396982,GOOGLE-CLOUD-PLATFORM,511,5.52
34.116.147.75,443,TRUE,FRA,DE,Europe,Frankfurt,396982,GOOGLE-CLOUD-PLATFORM,589,5.5
34.154.129.199,443,TRUE,FRA,DE,Europe,Frankfurt,396982,GOOGLE-CLOUD-PLATFORM,581,5.49
34.154.73.4,443,TRUE,FRA,DE,Europe,Frankfurt,396982,GOOGLE-CLOUD-PLATFORM,567,5.44
35.185.75.107,443,TRUE,ATL,US,North America,Atlanta,396982,GOOGLE-CLOUD-PLATFORM,501,5.38
34.116.222.145,443,TRUE,FRA,DE,Europe,Frankfurt,396982,GOOGLE-CLOUD-PLATFORM,546,5.33
34.116.153.230,443,TRUE,CDG,FR,Europe,Paris,396982,GOOGLE-CLOUD-PLATFORM,613,5.31
34.118.50.233,443,TRUE,FRA,DE,Europe,Frankfurt,396982,GOOGLE-CLOUD-PLATFORM,541,5.28
34.116.211.3,443,TRUE,FRA,DE,Europe,Frankfurt,396982,GOOGLE-CLOUD-PLATFORM,613,5.25
34.116.159.225,443,TRUE,FRA,DE,Europe,Frankfurt,396982,GOOGLE-CLOUD-PLATFORM,567,5.21
34.116.132.31,443,TRUE,FRA,DE,Europe,Frankfurt,396982,GOOGLE-CLOUD-PLATFORM,619,5.07
34.118.42.177,443,TRUE,FRA,DE,Europe,Frankfurt,396982,GOOGLE-CLOUD-PLATFORM,648,4.95
34.116.218.79,443,TRUE,CDG,FR,Europe,Paris,396982,GOOGLE-CLOUD-PLATFORM,785,4.81
34.65.84.112,443,TRUE,FRA,DE,Europe,Frankfurt,396982,GOOGLE-CLOUD-PLATFORM,597,4.73
34.154.127.227,443,TRUE,CDG,FR,Europe,Paris,396982,GOOGLE-CLOUD-PLATFORM,752,4.67
34.116.166.101,443,TRUE,FRA,DE,Europe,Frankfurt,396982,GOOGLE-CLOUD-PLATFORM,652,4.62
34.118.78.222,443,TRUE,FRA,DE,Europe,Frankfurt,396982,GOOGLE-CLOUD-PLATFORM,786,4.53
34.118.87.93,443,TRUE,FRA,DE,Europe,Frankfurt,396982,GOOGLE-CLOUD-PLATFORM,596,4.49
34.65.41.157,443,TRUE,CDG,FR,Europe,Paris,396982,GOOGLE-CLOUD-PLATFORM,592,4.45
34.65.3.147,443,TRUE,FRA,DE,Europe,Frankfurt,396982,GOOGLE-CLOUD-PLATFORM,583,4.44
34.118.8.60,443,TRUE,FRA,DE,Europe,Frankfurt,396982,GOOGLE-CLOUD-PLATFORM,562,4.43
34.118.63.12,443,TRUE,FRA,DE,Europe,Frankfurt,396982,GOOGLE-CLOUD-PLATFORM,679,4.35
34.116.158.215,443,TRUE,FRA,DE,Europe,Frankfurt,396982,GOOGLE-CLOUD-PLATFORM,654,4.24
34.118.58.146,443,TRUE,FRA,DE,Europe,Frankfurt,396982,GOOGLE-CLOUD-PLATFORM,658,4.02
34.90.106.181,443,TRUE,CDG,FR,Europe,Paris,396982,GOOGLE-CLOUD-PLATFORM,591,4
35.242.218.10,443,TRUE,FRA,DE,Europe,Frankfurt,396982,GOOGLE-CLOUD-PLATFORM,584,3.48
34.116.186.143,9101,TRUE,VIE,AT,Europe,Vienna,396982,GOOGLE-CLOUD-PLATFORM,774,3.13
34.154.209.117,443,TRUE,FRA,DE,Europe,Frankfurt,396982,GOOGLE-CLOUD-PLATFORM,581,2.89
34.81.231.217,4443,TRUE,TPE,TW,Asia Pacific,Taipei,396982,GOOGLE-CLOUD-PLATFORM,568,2.79
34.159.252.184,443,TRUE,CDG,FR,Europe,Paris,396982,GOOGLE-CLOUD-PLATFORM,587,2.56
34.88.63.160,443,TRUE,FRA,DE,Europe,Frankfurt,396982,GOOGLE-CLOUD-PLATFORM,717,2.27
34.65.24.163,443,TRUE,FRA,DE,Europe,Frankfurt,396982,GOOGLE-CLOUD-PLATFORM,585,1.96
34.93.0.149,443,TRUE,BOM,IN,Asia Pacific,Mumbai,396982,GOOGLE-CLOUD-PLATFORM,833,1.54
35.204.12.240,443,TRUE,FRA,DE,Europe,Frankfurt,396982,GOOGLE-CLOUD-PLATFORM,560,1.42
34.32.211.101,443,TRUE,FRA,DE,Europe,Frankfurt,396982,GOOGLE-CLOUD-PLATFORM,512,1.38
34.91.130.108,443,TRUE,FRA,DE,Europe,Frankfurt,396982,GOOGLE-CLOUD-PLATFORM,504,1.35
35.200.154.186,443,TRUE,BOM,IN,Asia Pacific,Mumbai,396982,GOOGLE-CLOUD-PLATFORM,880,1.21
34.154.255.210,443,TRUE,FRA,DE,Europe,Frankfurt,396982,GOOGLE-CLOUD-PLATFORM,526,1.08
34.34.186.205,443,TRUE,CDG,FR,Europe,Paris,396982,GOOGLE-CLOUD-PLATFORM,595,0.24
35.204.195.174,443,TRUE,FRA,DE,Europe,Frankfurt,396982,GOOGLE-CLOUD-PLATFORM,638,0.22
34.159.104.132,443,TRUE,FRA,DE,Europe,Frankfurt,396982,GOOGLE-CLOUD-PLATFORM,733,0.21
34.154.251.100,443,TRUE,CDG,FR,Europe,Paris,396982,GOOGLE-CLOUD-PLATFORM,677,0.21
34.154.214.136,443,TRUE,FRA,DE,Europe,Frankfurt,396982,GOOGLE-CLOUD-PLATFORM,666,0.21
34.154.237.3,443,TRUE,FRA,DE,Europe,Frankfurt,396982,GOOGLE-CLOUD-PLATFORM,716,0.21
34.154.199.135,443,TRUE,CDG,FR,Europe,Paris,396982,GOOGLE-CLOUD-PLATFORM,710,0.2
34.116.158.147,443,TRUE,AMS,NL,Europe,Amsterdam,396982,GOOGLE-CLOUD-PLATFORM,660,0.2
34.154.11.107,443,TRUE,AMS,NL,Europe,Amsterdam,396982,GOOGLE-CLOUD-PLATFORM,679,0.2
34.154.7.209,443,TRUE,FRA,DE,Europe,Frankfurt,396982,GOOGLE-CLOUD-PLATFORM,615,0.2
34.90.186.118,443,TRUE,FRA,DE,Europe,Frankfurt,396982,GOOGLE-CLOUD-PLATFORM,696,0.2
34.154.157.225,443,TRUE,AMS,NL,Europe,Amsterdam,396982,GOOGLE-CLOUD-PLATFORM,673,0.2
34.65.111.146,443,TRUE,FRA,DE,Europe,Frankfurt,396982,GOOGLE-CLOUD-PLATFORM,594,0.2
